date,price,high,low
2014-01-03,90.92,103.0,80.0
2014-01-06,88.57,92.0,80.0
2014-01-07,225.55,262.5,190.0
2014-01-08,240.53,300.0,170.0
2014-01-09,56.96,59.75,56.0
2014-01-10,40.35,44.0,40.0
2014-01-13,36.41,37.0,35.5
2014-01-14,39.08,40.0,38.05
2014-01-15,43.23,44.5,42.5
2014-01-16,44.5,45.25,43.75
2014-01-17,45.45,47.0,44.75
2014-01-20,57.95,63.0,49.0
2014-01-21,156.32,172.0,140.0
2014-01-22,442.03,550.0,300.0
2014-01-23,405.78,450.0,372.0
2014-01-24,302.4,383.0,240.0
2014-01-27,414.0,450.0,388.0
2014-01-28,498.68,525.0,475.0
2014-01-29,290.84,325.0,260.0
2014-01-30,90.8,105.0,81.25
2014-01-31,56.43,60.0,54.0
2014-02-03,57.34,60.0,53.0
2014-02-04,71.48,74.0,69.25
2014-02-05,58.87,63.0,53.0
2014-02-06,143.57,195.0,100.0
2014-02-07,107.15,114.5,102.25
2014-02-10,92.08,95.0,89.0
2014-02-11,153.84,173.5,135.0
2014-02-12,169.48,176.75,157.0
2014-02-13,80.78,95.0,79.0
2014-02-14,52.4,55.0,50.75
2014-02-17,74.47,80.0,72.0
2014-02-18,56.32,70.0,54.0
2014-02-19,49.44,50.0,48.9
2014-02-20,46.64,47.25,45.0
2014-02-21,44.94,47.75,42.65
2014-02-24,80.98,87.0,75.0
2014-02-25,79.07,82.0,76.0
2014-02-26,107.56,120.0,90.0
2014-02-27,126.77,140.75,115.0
2014-02-28,110.63,120.0,102.25
2014-03-03,97.88,108.0,90.0
2014-03-04,287.59,310.0,235.0
2014-03-05,119.41,124.0,117.0
2014-03-06,90.42,95.0,86.5
2014-03-07,63.35,73.0,59.0
2014-03-10,65.42,69.0,59.0
2014-03-11,54.02,58.0,52.0
2014-03-12,54.74,56.0,53.0
2014-03-13,141.32,150.0,120.0
2014-03-14,76.17,83.0,73.0
2014-03-17,93.58,100.0,87.0
2014-03-18,79.46071428571429,84.0,75.0
2014-03-19,53.3775862068966,55.0,52.75
2014-03-20,43.061206896551695,46.0,41.0
2014-03-21,44.4982142857143,48.0,43.0
2014-03-24,94.9,96.25,92.0
2014-03-25,79.4413793103448,83.0,75.0
2014-03-26,85.6593220338983,90.95,78.0
2014-03-27,58.8141025641026,61.5,56.0
2014-03-28,44.8868421052632,45.25,44.25
2014-03-31,44.465853658536595,45.5,43.5
2014-04-01,44.1571428571429,45.25,43.25
2014-04-02,43.5416666666667,44.0,43.0
2014-04-03,50.0204545454545,51.45,48.75
2014-04-04,45.567272727272695,46.5,45.0
2014-04-07,49.4645833333333,50.5,48.0
2014-04-08,45.6269230769231,46.0,44.75
2014-04-09,43.424324324324296,43.75,42.75
2014-04-10,38.3881818181818,39.5,37.75
2014-04-11,36.95,37.25,36.75
2014-04-14,43.07265625,45.75,41.0
2014-04-15,50.332352941176495,51.0,49.75
2014-04-16,61.9925,63.5,60.5
2014-04-17,46.1904255319149,47.5,45.0
2014-04-18,37.6271428571429,38.050000000000004,37.25
2014-04-22,43.502777777777794,44.0,43.0
2014-04-23,45.0277777777778,45.55,44.75
2014-04-24,47.01,47.75,46.0
2014-04-25,46.8791666666667,48.0,45.9
2014-04-28,50.6583333333333,51.5,50.0
2014-04-29,55.468571428571394,57.25,52.0
2014-04-30,55.85,56.75,54.0
2014-05-01,53.340624999999996,54.0,52.5
2014-05-02,43.61022727272729,45.75,42.0
2014-05-05,49.075,49.5,48.75
2014-05-06,48.6464285714286,50.0,47.5
2014-05-07,49.948888888888895,51.5,49.0
2014-05-08,61.1931578947368,62.5,60.0
2014-05-09,59.927272727272694,62.0,57.0
2014-05-12,87.22982456140349,89.25,85.0
2014-05-13,63.15,66.5,60.0
2014-05-13,63.15,66.5,60.0
2014-05-14,46.804166666666696,48.0,46.0
2014-05-15,46.34375,47.25,45.75
2014-05-16,40.80072463768119,41.85,39.75
2014-05-19,41.77282608695649,42.5,41.0
2014-05-20,46.292,47.25,45.25
2014-05-21,56.9573033707865,58.25,54.25
2014-05-22,62.9805084745763,66.25,58.5
2014-05-27,74.4166666666667,75.0,73.0
2014-05-28,57.757142857142895,60.0,55.0
2014-05-29,41.612500000000004,42.5,40.75
2014-05-30,43.028971962616794,48.0,40.0
2014-06-02,60.0644736842105,61.5,59.25
2014-06-03,63.8333333333333,65.0,62.0
2014-06-04,52.9540983606557,54.5,51.0
2014-06-05,44.3736842105263,45.0,44.0
2014-06-05,44.3736842105263,45.0,44.0
2014-06-06,40.4464285714286,41.25,39.0
2014-06-10,54.42090909090909,55.75,53.0
2014-06-11,53.252238805970094,54.5,52.0
2014-06-12,47.510784313725495,48.75,46.5
2014-06-13,41.43,42.25,40.75
2014-06-16,57.759782608695694,60.5,56.5
2014-06-17,86.3376712328767,93.0,82.8
2014-06-18,113.023333333333,118.0,107.0
2014-06-19,61.93709677419349,70.25,58.0
2014-06-20,42.7870588235294,45.0,41.75
2014-06-23,43.58902439024389,45.5,42.75
2014-06-24,53.3289473684211,55.0,52.0
2014-06-25,50.7673913043478,52.25,49.0
2014-06-26,53.5030769230769,54.9,51.95
2014-06-27,53.86063829787229,56.0,51.0
2014-06-30,71.46374999999999,74.75,69.3
2014-07-01,82.7916666666667,85.0,80.0
2014-07-02,77.54632352941181,79.75,75.0
2014-07-03,53.6787234042553,55.5,51.0
2014-07-07,64.1652542372881,67.0,60.0
2014-07-08,67.5925925925926,70.0,65.0
2014-07-09,49.655633802816894,51.5,48.25
2014-07-10,40.2913043478261,41.0,39.5
2014-07-11,38.536,38.75,38.25
2014-07-14,56.2691666666667,57.0,55.0
2014-07-15,42.9822222222222,44.5,42.0
2014-07-16,37.6205882352941,38.0,36.550000000000004
2014-07-17,35.2257575757576,35.65,34.6
2014-07-18,38.424107142857096,38.75,37.75
2014-07-21,45.4519230769231,47.0,44.5
2014-07-22,54.4140845070423,57.25,52.0
2014-07-23,57.1044444444444,58.0,54.65
2014-07-24,38.112500000000004,38.75,37.5
2014-07-25,36.06,36.5,35.5
2014-07-28,42.451785714285705,44.0,42.0
2014-07-29,38.60240384615379,40.0,37.25
2014-07-30,34.44814814814809,35.5,33.25
2014-07-31,36.341935483871005,37.5,35.65
2014-08-01,37.36875,39.0,36.5
2014-08-04,46.0532258064516,46.75,45.0
2014-08-05,49.4633333333333,50.5,47.5
2014-08-06,42.8109375,43.75,42.0
2014-08-07,37.907894736842096,38.5,37.5
2014-08-08,38.4867647058824,39.25,38.0
2014-08-11,39.655,40.0,39.25
2014-08-12,35.25375,36.5,34.800000000000004
2014-08-13,37.122727272727296,37.5,36.5
2014-08-14,33.595454545454494,34.0,32.75
2014-08-15,31.9462962962963,32.1,31.4
2014-08-18,40.1378048780488,40.95,39.25
2014-08-19,42.2651515151515,42.75,42.0
2014-08-20,44.095652173912995,44.5,40.0
2014-08-21,43.2714285714286,43.5,43.25
2014-08-22,42.721428571428596,43.5,42.5
2014-08-25,42.042,42.55,41.75
2014-08-26,47.7892307692308,48.75,46.5
2014-08-26,49.88,50.5,48.5
2014-08-28,41.325,42.0,41.0
2014-08-29,39.6354838709677,40.25,38.75
2014-09-02,68.84767441860471,71.0,67.35
2014-09-03,52.97592592592589,53.9,51.85
2014-09-04,47.6959302325581,48.75,46.75
2014-09-05,50.824698795180694,51.95,49.5
2014-09-08,37.37,37.65,37.25
2014-09-09,39.05,39.5,38.5
2014-09-10,43.35,44.0,42.0
2014-09-11,52.6,54.25,51.75
2014-09-12,35.38,35.75,34.95
2014-09-15,35.17,35.5,35.0
2014-09-16,36.59,37.5,36.0
2014-09-17,36.5,37.0,35.75
2014-09-18,37.0,37.0,37.0
2014-09-19,35.42,36.0,35.0
2014-09-22,36.82,37.5,36.5
2014-09-23,35.41,36.0,35.05
2014-09-24,35.23,35.5,34.95
2014-09-25,36.47,36.75,36.0
2014-09-26,38.7,39.5,38.05
2014-09-29,42.52,44.0,41.4
2014-09-30,42.78,44.0,41.25
2014-10-01,40.79,41.25,40.25
2014-10-02,40.71,42.0,39.5
2014-10-03,39.01,39.5,38.5
2014-10-06,41.38,42.8,40.25
2014-10-07,42.02,43.0,41.0
2014-10-08,41.25,41.75,40.75
2014-10-09,40.79,41.25,40.25
2014-10-10,39.35,40.0,39.0
2014-10-13,44.85,45.05,44.65
2014-10-14,50.92,51.5,49.0
2014-10-15,46.34,47.3,45.5
2014-10-16,42.42,42.5,42.25
2014-10-17,38.62,39.25,38.5
2014-10-20,43.21,43.75,43.0
2014-10-21,42.18,42.5,41.5
2014-10-22,42.59,43.4,41.75
2014-10-23,42.1,42.75,41.0
2014-10-24,36.21,36.5,36.0
2014-10-27,41.69,42.75,41.0
2014-10-28,41.35,42.25,40.7
2014-10-29,41.31,41.75,41.05
2014-10-30,44.73,45.25,43.5
2014-10-31,45.15,46.0,44.5
2014-11-03,51.4,52.5,50.5
2014-11-04,40.52,41.0,39.0
2014-11-05,37.96,38.5,37.5
2014-11-06,44.42,45.25,43.25
2014-11-07,47.01,47.75,46.5
2014-11-10,44.58,45.5,44.0
2014-11-11,38.97,39.75,38.15
2014-11-12,49.07,50.0,48.0
2014-11-13,55.3,57.0,53.75
2014-11-14,55.5,58.0,53.0
2014-11-17,53.28,54.0,52.25
2014-11-18,66.17,68.5,64.0
2014-11-19,65.08,67.0,63.0
2014-11-20,47.56,49.5,46.25
2014-11-21,48.85,50.0,48.0
2014-11-24,35.92,36.5,35.5
2014-11-25,35.54,36.5,35.0
2014-11-26,44.58,45.5,41.5
2014-12-01,40.3,40.5,40.0
2014-12-02,44.81,46.0,44.0
2014-12-03,37.38,38.25,37.0
2014-12-04,41.52,42.0,40.5
2014-12-05,42.59,43.0,42.25
2014-12-08,45.53,45.75,45.0
2014-12-09,43.25,44.5,42.25
2014-12-10,44.05,45.75,43.0
2014-12-11,40.91,42.0,40.5
2014-12-12,36.98,37.4,36.75
2014-12-15,36.65,37.0,36.05
2014-12-16,37.6,38.5,37.0
2014-12-17,38.11,38.85,37.5
2014-12-18,40.26,40.5,39.85
2014-12-19,41.92,42.5,41.5
2014-12-22,39.12,40.0,38.25
2014-12-23,33.83,34.7,32.3
2014-12-24,29.18,29.5,29.0
2014-12-29,36.32,38.25,34.75
2014-12-30,38.74,39.0,38.0
2014-12-31,39.91,40.75,39.0
2015-01-02,33.93,34.5,33.25
2015-01-05,41.76,42.5,40.0
2015-01-06,46.81,49.75,44.75
2015-01-07,82.97,89.95,76.0
2015-01-08,90.95,96.0,88.0
2015-01-09,52.8,54.6,50.0
2015-01-12,40.01,42.0,38.75
2015-01-13,46.63,48.0,44.75
2015-01-14,47.92,49.5,46.3
2015-01-15,44.38,45.0,43.5
2015-01-16,41.93,44.5,41.0
2015-01-19,36.35,38.0,35.75
2015-01-20,33.31,34.4,33.0
2015-01-21,37.52,38.0,37.0
2015-01-22,34.17,34.5,34.0
2015-01-23,33.44,34.0,33.0
2015-01-26,46.2,47.5,41.25
2015-01-27,57.95,60.65,54.0
2015-01-28,50.16,52.5,49.0
2015-01-29,39.02,40.0,38.5
2015-01-30,40.07,42.0,39.5
2015-02-02,61.41,65.25,57.0
2015-02-03,52.36,54.0,50.0
2015-02-04,35.82,36.5,35.25
2015-02-05,50.43,53.0,48.0
2015-02-06,45.27,46.0,44.25
2015-02-09,33.47,34.05,33.0
2015-02-10,35.71,36.5,34.0
2015-02-11,39.13,39.75,38.0
2015-02-12,51.15,53.0,45.0
2015-02-13,63.77,69.0,59.5
2015-02-16,100.44,120.0,84.0
2015-02-17,85.56,93.0,75.0
2015-02-18,123.9,130.0,115.0
2015-02-19,231.54,250.0,212.0
2015-02-20,214.55,235.0,190.0
2015-02-23,109.16,120.0,98.0
2015-02-24,151.35,155.75,145.0
2015-02-25,74.03,79.0,70.0
2015-02-26,100.48,115.0,85.0
2015-02-27,107.68,125.0,96.0
2015-03-02,40.32,42.0,39.0
2015-03-03,49.26,55.0,48.0
2015-03-04,40.46,41.0,40.1
2015-03-05,81.16,90.0,62.0
2015-03-06,122.17,125.0,118.0
2015-03-09,41.53,42.0,41.0
2015-03-10,36.08,37.25,34.75
2015-03-11,31.46,32.0,31.0
2015-03-12,33.91,35.0,33.25
2015-03-13,36.82,38.0,36.5
2015-03-16,36.55,36.75,36.25
2015-03-17,34.4,35.25,33.95
2015-03-18,44.76,45.25,44.25
2015-03-19,47.71,48.0,47.5
2015-03-20,50.85,52.95,48.0
2015-03-23,50.86,52.0,48.75
2015-03-24,48.48,49.0,47.5
2015-03-25,39.54,40.0,39.0
2015-03-26,33.44,34.0,33.0
2015-03-27,39.83,40.35,39.0
2015-03-30,43.42,44.0,43.0
2015-03-31,36.41,36.8,35.5
2015-04-01,36.78,37.0,36.25
2015-04-02,32.98,33.0,32.75
2015-04-03,30.49,30.55,30.3
2015-04-07,36.34,37.0,35.35
2015-04-08,42.07,43.0,41.0
2015-04-09,40.75,41.0,40.5
2015-04-10,36.65,39.0,35.25
2015-04-13,37.4,38.0,37.25
2015-04-14,39.29,39.75,39.0
2015-04-15,41.14,41.75,39.0
2015-04-16,37.41,37.5,37.25
2015-04-17,37.46,38.25,36.0
2015-04-20,43.36,43.75,43.0
2015-04-21,40.83,41.5,39.25
2015-04-22,36.69,37.0,36.3
2015-04-23,39.95,40.5,39.3
2015-04-24,37.93,39.0,37.5
2015-04-27,37.7,38.0,37.55
2015-04-28,38.11,39.0,37.45
2015-04-29,34.97,35.5,34.75
2015-04-29,34.97,35.5,34.75
2015-04-30,32.89,33.3,32.5
2015-05-01,30.69,31.5,30.25
2015-05-04,45.11,45.5,44.75
2015-05-05,51.83,56.0,50.0
2015-05-06,40.57,42.0,39.75
2015-05-07,46.11,46.75,45.15
2015-05-08,51.82,53.0,50.0
2015-05-11,73.64,75.95,69.0
2015-05-12,68.26,75.0,65.0
2015-05-13,34.15,34.5,33.5
2015-05-14,34.64,35.25,34.0
2015-05-15,38.42,39.5,37.4
2015-05-18,57.37,58.5,55.0
2015-05-19,52.87,54.25,52.0
2015-05-20,35.37,36.25,34.75
2015-05-21,31.7,32.25,31.25
2015-05-22,32.59,33.45,31.75
2015-05-26,76.96,79.25,73.25
2015-05-27,50.64,53.05,47.0
2015-05-28,50.85,52.0,49.55
2015-05-29,40.16,41.6,39.0
2015-06-01,31.84,32.5,31.0
2015-06-02,32.21,32.5,31.75
2015-06-03,30.86,31.9,30.0
2015-06-04,30.55,31.0,30.0
2015-06-05,32.4,33.5,31.0
2015-06-08,37.53,38.25,37.0
2015-06-09,38.05,38.5,37.0
2015-06-10,42.42,44.75,41.5
2015-06-11,58.12,60.0,56.25
2015-06-12,60.41,63.5,58.0
2015-06-15,45.7,47.5,44.0
2015-06-16,48.55,50.25,45.4
2015-06-17,35.28,36.0,34.5
2015-06-18,35.49,36.0,34.75
2015-06-19,38.16,38.75,37.5
2015-06-22,53.79,55.75,51.0
2015-06-23,75.12,78.9,70.0
2015-06-24,39.39,40.0,38.5
2015-06-25,33.75,34.5,33.25
2015-06-26,31.68,31.75,31.5
2015-06-29,32.92,33.3,32.75
2015-06-30,33.44,34.0,33.0
2015-07-01,36.23,36.5,36.0
2015-07-02,32.58,33.5,32.0
2015-07-03,26.03,26.1,26.0
2015-07-06,36.56,37.25,36.0
2015-07-07,43.0,44.25,41.9
2015-07-08,38.13,38.75,37.5
2015-07-09,35.76,36.7,34.25
2015-07-10,33.32,35.75,33.0
2015-07-13,40.7,41.25,40.0
2015-07-14,37.88,38.25,37.25
2015-07-15,36.45,37.25,34.8
2015-07-16,32.18,33.5,31.5
2015-07-17,40.46,43.0,39.0
2015-07-20,55.2,56.5,54.0
2015-07-21,47.67,49.75,46.0
2015-07-22,36.27,37.15,35.55
2015-07-23,35.25,36.5,34.75
2015-07-24,39.47,40.0,38.25
2015-07-27,44.58,45.25,44.0
2015-07-28,54.09,57.0,52.0
2015-07-29,78.79,84.0,74.45
2015-07-30,69.81,73.0,68.0
2015-07-31,44.23,45.75,43.5
2015-08-03,54.22,57.0,52.0
2015-08-04,37.36,39.0,36.5
2015-08-05,34.75,35.75,34.0
2015-08-06,30.94,31.15,30.45
2015-08-07,29.84,30.0,29.25
2015-08-10,40.07,41.5,38.0
2015-08-11,35.85,36.5,35.0
2015-08-12,33.36,33.75,33.0
2015-08-13,35.59,36.0,35.25
2015-08-14,41.99,43.25,41.15
2015-08-17,62.11,63.0,61.25
2015-08-18,46.07,48.0,44.0
2015-08-19,36.73,37.0,36.0
2015-08-20,36.41,37.0,35.75
2015-08-21,35.08,35.3,35.0
2015-08-24,39.56,39.75,39.25
2015-08-25,34.28,34.5,34.25
2015-08-26,32.04,32.25,31.75
2015-08-27,31.04,31.5,31.0
2015-08-28,32.84,33.0,32.5
2015-08-31,46.41,47.0,46.0
2015-09-01,48.68,49.25,47.8
2015-09-02,60.6,62.35,59.75
2015-09-03,52.33,55.75,51.0
2015-09-04,39.96,40.5,39.0
2015-09-08,46.12,47.5,45.25
2015-09-09,46.27,46.75,45.75
2015-09-10,33.82,34.0,33.0
2015-09-11,31.81,32.9,31.5
2015-09-14,30.3,30.75,29.5
2015-09-15,32.81,33.75,31.05
2015-09-16,37.21,37.5,37.0
2015-09-17,40.06,40.5,39.75
2015-09-18,38.2,38.5,37.75
2015-09-21,31.61,32.0,31.45
2015-09-22,31.7,32.0,31.45
2015-09-23,34.75,35.0,34.5
2015-09-24,32.0,32.5,31.75
2015-09-25,28.96,29.3,28.75
2015-09-28,34.56,35.5,33.75
2015-09-29,36.77,38.0,35.5
2015-09-30,36.27,37.8,35.0
2015-10-01,35.32,37.0,34.0
2015-10-02,31.16,32.0,30.75
2015-10-05,32.19,32.25,32.0
2015-10-06,36.05,37.0,35.35
2015-10-07,34.05,34.5,33.5
2015-10-08,35.66,36.3,34.75
2015-10-09,38.7,39.5,38.0
2015-10-12,36.9,37.0,36.5
2015-10-13,35.67,35.75,35.5
2015-10-14,33.36,33.75,33.0
2015-10-15,36.66,38.0,35.25
2015-10-16,35.51,36.0,35.25
2015-10-19,48.56,49.5,48.0
2015-10-20,36.9,37.0,36.55
2015-10-21,35.79,36.15,35.25
2015-10-22,38.71,39.0,38.25
2015-10-23,35.29,36.0,34.75
2015-10-26,38.3,38.75,38.0
2015-10-27,35.05,36.75,34.75
2015-10-28,36.48,37.0,35.5
2015-10-29,33.35,34.5,32.75
2015-10-30,31.99,33.0,31.75
2015-11-02,32.47,33.0,32.0
2015-11-03,30.93,32.5,30.0
2015-11-04,33.76,34.5,33.35
2015-11-05,37.16,38.0,36.0
2015-11-06,39.16,40.0,38.0
2015-11-09,36.95,37.25,36.0
2015-11-10,34.19,34.75,34.0
2015-11-11,31.49,31.75,31.15
2015-11-12,29.92,30.25,29.25
2015-11-13,29.78,30.5,29.5
2015-11-16,30.32,30.75,29.75
2015-11-17,28.11,28.5,27.75
2015-11-18,28.36,28.5,28.0
2015-11-19,28.87,29.25,28.55
2015-11-20,34.08,35.0,33.0
2015-11-23,39.53,40.25,39.0
2015-11-24,35.46,36.5,34.0
2015-11-25,28.94,29.7,28.0
2015-11-30,33.15,33.5,33.0
2015-12-01,29.28,29.7,28.75
2015-12-02,28.07,28.25,27.75
2015-12-03,32.94,33.5,32.25
2015-12-04,31.22,31.4,31.0
2015-12-07,33.39,34.5,32.0
2015-12-08,31.04,31.5,30.5
2015-12-09,28.1,28.25,27.9
2015-12-10,28.04,28.25,28.0
2015-12-11,25.04,25.3,25.0
2015-12-14,26.03,26.25,25.5
2015-12-15,26.57,26.75,26.25
2015-12-16,28.22,28.5,28.0
2015-12-17,31.83,32.0,31.0
2015-12-18,35.12,36.0,34.0
2015-12-21,28.95,29.0,28.75
2015-12-22,25.85,26.0,25.75
2015-12-23,25.1,25.75,23.75
2015-12-24,23.4,24.2,23.0
2015-12-28,29.83,30.0,29.5
2015-12-29,30.32,31.0,29.75
2015-12-30,28.36,28.5,28.0
2015-12-31,29.4,30.0,29.0
2016-01-04,41.7,43.45,40.3
2016-01-04,41.7,43.45,40.3
2016-01-05,43.06,44.0,42.0
2016-01-05,43.06,44.0,42.0
2016-01-06,36.76,38.0,35.35
2016-01-06,36.76,38.0,35.35
2016-01-07,31.5,32.5,30.25
2016-01-08,26.81,27.5,26.5
2016-01-11,39.79,41.0,38.0
2016-01-12,38.17,39.0,37.55
2016-01-13,44.38,48.0,41.5
2016-01-14,30.25,31.0,30.0
2016-01-15,24.19,24.75,23.5
2016-01-18,46.11,48.0,44.5
2016-01-19,55.07,57.5,53.5
2016-01-20,39.23,40.5,38.25
2016-01-21,34.68,36.25,33.8
2016-01-22,36.71,37.25,36.25
2016-01-25,37.58,39.5,37.0
2016-01-26,31.14,32.0,30.0
2016-01-27,28.75,30.0,28.25
2016-01-28,31.44,32.0,30.75
2016-01-29,30.85,31.5,29.75
2016-02-01,25.31,26.0,25.0
2016-02-02,25.56,27.0,25.0
2016-02-03,23.57,23.95,23.25
2016-02-04,25.62,26.5,25.25
2016-02-05,29.08,30.0,27.5
2016-02-08,31.47,32.5,30.75
2016-02-09,35.41,37.0,34.0
2016-02-10,35.54,37.0,34.25
2016-02-11,41.5,44.7,39.25
2016-02-12,39.98,42.0,38.25
2016-02-15,44.1,45.15,43.25
2016-02-16,31.37,32.35,30.5
2016-02-17,31.14,32.5,30.75
2016-02-18,29.4,30.5,28.0
2016-02-19,25.04,25.75,24.5
2016-02-22,25.41,26.0,25.0
2016-02-23,27.1,27.5,26.5
2016-02-24,24.81,25.75,24.15
2016-02-25,26.12,26.75,25.5
2016-02-26,32.28,33.0,30.75
2016-02-29,25.61,26.25,25.25
2016-03-01,25.14,25.5,24.5
2016-03-02,30.14,30.25,30.0
2016-03-03,33.76,34.25,33.0
2016-03-04,30.28,31.25,29.75
2016-03-07,27.11,27.5,26.95
2016-03-08,23.76,24.15,23.5
2016-03-09,23.84,25.0,23.0
2016-03-10,24.25,25.25,23.0
2016-03-11,23.96,24.2,23.75
2016-03-14,27.52,28.0,26.5
2016-03-15,29.95,30.0,29.5
2016-03-16,27.52,28.0,27.25
2016-03-17,25.79,26.5,25.25
2016-03-18,25.69,26.35,25.25
2016-03-21,37.43,38.0,37.1
2016-03-22,27.78,29.5,26.75
2016-03-23,24.3,24.75,24.05
2016-03-24,24.1,24.75,24.0
2016-03-25,23.82,24.0,23.5
2016-03-29,30.55,32.0,29.5
2016-03-30,28.7,29.75,28.0
2016-03-31,26.65,27.15,26.5
2016-04-01,28.17,28.9,27.5
2016-04-04,33.14,33.5,32.8
2016-04-05,37.9,39.0,37.25
2016-04-06,32.89,33.25,32.25
2016-04-07,28.78,29.25,28.5
2016-04-08,32.63,33.0,31.35
2016-04-11,34.56,35.25,34.0
2016-04-12,35.72,36.15,34.75
2016-04-13,33.71,34.0,33.0
2016-04-14,33.0,33.0,33.0
2016-04-15,31.16,32.0,30.1
2016-04-18,35.93,36.75,34.5
2016-04-19,42.82,45.25,41.5
2016-04-20,35.3,36.0,34.2
2016-04-21,34.96,37.0,34.5
2016-04-22,42.1,44.5,38.5
2016-04-25,47.86,49.5,45.5
2016-04-26,37.16,38.5,36.0
2016-04-27,29.07,29.5,28.35
2016-04-28,26.65,27.0,26.35
2016-04-29,27.66,28.75,27.0
2016-05-02,30.64,31.0,29.75
2016-05-03,31.28,31.75,31.0
2016-05-04,28.22,28.5,28.0
2016-05-05,28.59,29.0,28.25
2016-05-06,27.93,28.05,27.55
2016-05-09,29.18,29.75,28.75
2016-05-10,26.31,26.5,26.0
2016-05-11,27.78,28.0,27.55
2016-05-12,30.18,30.75,29.25
2016-05-13,26.86,27.5,26.35
2016-05-16,26.4,26.75,26.0
2016-05-17,26.97,27.25,26.5
2016-05-18,27.96,28.5,27.25
2016-05-19,25.78,26.0,25.5
2016-05-20,25.63,26.0,25.5
2016-05-23,27.83,28.4,27.45
2016-05-24,29.75,30.15,29.45
2016-05-25,36.98,38.0,36.25
2016-05-26,39.25,41.0,38.75
2016-05-27,40.59,42.0,39.45
2016-05-31,40.65,42.25,38.0
2016-06-01,32.59,34.0,32.0
2016-06-02,31.95,33.5,30.25
2016-06-03,29.9,31.25,29.25
2016-06-06,33.5,34.0,33.0
2016-06-07,31.72,32.5,30.25
2016-06-08,26.37,26.75,26.15
2016-06-09,25.09,25.5,24.5
2016-06-10,28.48,28.75,28.3
2016-06-13,34.88,35.15,34.1
2016-06-14,28.34,29.0,28.0
2016-06-15,33.8,34.25,33.1
2016-06-16,29.25,29.5,28.75
2016-06-17,27.81,28.0,27.45
2016-06-20,41.6,42.75,40.0
2016-06-21,41.68,43.0,40.75
2016-06-22,32.05,32.5,31.75
2016-06-23,30.76,32.0,30.05
2016-06-24,30.43,30.75,29.6
2016-06-27,38.48,38.75,38.0
2016-06-28,33.26,35.0,32.25
2016-06-29,29.24,29.5,28.75
2016-06-30,33.15,33.75,32.5
2016-07-01,31.81,32.5,31.25
2016-07-05,34.14,36.0,33.5
2016-07-06,43.16,44.0,42.0
2016-07-07,50.89,53.5,48.75
2016-07-08,50.24,53.0,47.5
2016-07-11,34.13,34.6,33.5
2016-07-12,40.3,41.25,39.1
2016-07-13,37.3,38.25,36.8
2016-07-14,48.29,49.6,46.7
2016-07-15,41.85,43.0,40.5
2016-07-18,46.83,47.05,46.5
2016-07-19,37.14,37.75,36.5
2016-07-20,35.45,36.0,34.75
2016-07-21,44.28,46.0,43.5
2016-07-22,57.36,59.0,56.0
2016-07-25,58.45,62.0,57.5
2016-07-26,48.23,50.0,47.0
2016-07-27,42.89,44.0,41.5
2016-07-28,39.38,41.0,38.5
2016-07-29,33.93,34.75,33.3
2016-08-01,37.11,37.25,37.0
2016-08-02,38.27,38.75,38.0
2016-08-03,35.82,37.5,35.0
2016-08-04,35.74,36.25,34.75
2016-08-05,33.76,35.75,33.0
2016-08-08,33.28,33.6,33.0
2016-08-09,34.8,35.75,33.55
2016-08-10,40.65,41.5,39.75
2016-08-11,50.29,51.25,49.0
2016-08-12,58.43,63.0,53.25
2016-08-15,49.17,51.0,46.0
2016-08-16,45.52,47.5,44.5
2016-08-17,37.79,39.5,36.75
2016-08-18,37.32,38.5,36.25
2016-08-19,37.83,38.5,37.1
2016-08-22,31.26,32.0,30.5
2016-08-23,29.6,30.25,28.7
2016-08-24,33.94,34.25,33.5
2016-08-25,39.56,40.75,39.0
2016-08-26,47.96,50.0,46.5
2016-08-29,52.97,55.0,51.0
2016-08-30,38.32,39.0,37.75
2016-08-31,35.72,37.1,35.0
2016-09-01,29.82,33.0,29.4
2016-09-02,27.45,27.75,27.0
2016-09-06,38.47,39.75,37.25
2016-09-07,48.31,49.75,46.5
2016-09-08,52.08,55.0,51.0
2016-09-09,43.68,44.75,42.75
2016-09-12,34.84,38.25,34.0
2016-09-13,35.52,36.25,35.15
2016-09-14,46.38,47.5,45.0
2016-09-15,33.74,34.5,33.5
2016-09-16,32.6,33.65,32.0
2016-09-19,40.4,42.25,37.5
2016-09-20,47.61,48.55,46.35
2016-09-21,48.85,50.0,46.25
2016-09-22,41.77,42.5,40.9
2016-09-23,40.71,41.75,40.0
2016-09-26,33.42,33.65,33.25
2016-09-27,30.8,31.5,30.25
2016-09-28,29.97,30.25,29.5
2016-09-29,30.41,31.0,30.0
2016-09-30,29.39,29.75,29.1
2016-10-03,32.21,32.75,31.75
2016-10-04,36.03,37.25,35.0
2016-10-05,35.58,36.5,34.0
2016-10-06,36.75,38.0,35.5
2016-10-07,34.25,34.6,34.0
2016-10-10,33.31,33.5,33.25
2016-10-11,34.45,35.5,33.75
2016-10-12,37.55,38.0,36.0
2016-10-13,38.47,39.25,37.75
2016-10-14,35.39,36.5,33.15
2016-10-17,41.95,42.7,41.0
2016-10-18,48.84,51.0,47.75
2016-10-19,40.93,42.0,39.75
2016-10-20,35.15,35.75,34.3
2016-10-21,31.8,32.25,30.75
2016-10-24,32.44,32.85,32.2
2016-10-25,35.35,36.25,34.35
2016-10-26,34.52,35.0,33.0
2016-10-27,33.93,34.5,33.7
2016-10-28,30.0,30.1,29.75
2016-10-31,30.69,31.0,30.5
2016-11-01,34.64,35.0,33.25
2016-11-02,33.35,33.35,33.35
2016-11-03,33.45,34.0,33.0
2016-11-04,28.73,29.0,28.45
2016-11-07,32.05,32.25,31.75
2016-11-08,29.05,29.25,28.5
2016-11-09,29.93,30.15,29.5
2016-11-10,29.0,29.25,28.75
2016-11-11,27.33,28.5,26.75
2016-11-14,31.26,32.0,30.0
2016-11-15,30.03,30.25,30.0
2016-11-16,29.81,30.0,29.25
2016-11-17,28.21,28.7,28.0
2016-11-18,26.69,27.25,26.5
2016-11-21,37.84,38.0,37.25
2016-11-22,33.03,33.4,32.75
2016-11-23,28.96,29.25,28.75
2016-11-25,22.82,23.0,22.5
2016-11-28,29.25,29.25,29.25
2016-11-29,28.83,29.0,28.25
2016-11-30,29.69,30.0,29.0
2016-12-01,31.07,31.5,30.5
2016-12-02,33.02,33.35,32.6
2016-12-05,35.82,36.25,35.0
2016-12-06,37.91,39.0,37.25
2016-12-07,38.15,38.5,37.0
2016-12-08,39.09,42.0,38.0
2016-12-09,40.29,41.75,38.5
2016-12-12,36.01,36.25,35.5
2016-12-13,37.21,37.75,36.75
2016-12-14,43.52,46.0,41.5
2016-12-15,68.46,75.0,63.0
2016-12-16,56.42,62.0,51.0
2016-12-19,47.99,48.75,46.5
2016-12-20,41.66,42.25,41.0
2016-12-21,32.99,33.25,32.75
2016-12-22,30.44,30.5,30.0
2016-12-23,28.15,28.25,27.5
2016-12-27,29.0,29.0,29.0
2016-12-28,29.82,30.0,29.0
2016-12-29,32.76,33.5,32.0
2016-12-30,32.62,32.75,32.5
2017-01-03,28.39,28.75,28.0
2017-01-04,34.39,35.0,33.6
2017-01-04,34.39,35.0,33.6
2017-01-05,38.59,39.25,37.5
2017-01-06,45.24,46.0,44.25
2017-01-09,50.89,53.25,47.0
2017-01-10,40.17,42.0,38.25
2017-01-11,30.75,31.5,30.25
2017-01-12,27.08,27.5,26.85
2017-01-13,31.66,32.5,31.2
2017-01-16,33.43,33.75,32.8
2017-01-17,31.2,31.5,30.75
2017-01-18,32.45,32.75,32.05
2017-01-19,32.67,33.15,31.5
2017-01-20,32.5,33.25,32.25
2017-01-23,35.26,36.0,34.75
2017-01-24,30.31,31.25,29.75
2017-01-25,28.59,29.0,28.4
2017-01-26,28.57,29.5,28.25
2017-01-27,31.53,31.85,31.0
2017-01-30,38.26,38.85,38.0
2017-01-31,30.27,31.0,30.0
2017-02-01,27.51,27.85,27.0
2017-02-02,30.48,31.0,30.25
2017-02-03,32.86,33.25,32.5
2017-02-06,28.42,29.0,28.0
2017-02-07,26.11,27.0,26.0
2017-02-08,26.95,27.5,26.5
2017-02-09,36.84,37.5,36.0
2017-02-10,37.03,37.5,36.5
2017-02-13,28.7,29.1,28.5
2017-02-14,30.27,30.6,29.75
2017-02-15,30.08,30.5,29.75
2017-02-16,32.87,33.1,32.75
2017-02-17,28.93,29.1,28.5
2017-02-20,25.67,25.9,25.5
2017-02-21,29.04,29.25,28.95
2017-02-22,26.95,27.5,26.65
2017-02-23,25.33,25.8,24.85
2017-02-24,25.48,25.75,25.0
2017-02-27,28.68,29.25,28.25
2017-02-28,26.75,27.5,26.15
2017-03-01,25.62,26.0,25.4
2017-03-02,28.66,29.0,28.0
2017-03-03,33.74,34.0,33.05
2017-03-06,30.62,31.0,30.5
2017-03-07,27.06,27.5,26.55
2017-03-08,26.14,26.5,26.0
2017-03-09,27.61,28.0,27.5
2017-03-10,33.24,33.5,32.95
2017-03-13,43.65,45.95,41.5
2017-03-14,49.84,53.7,47.0
2017-03-15,56.55,59.0,54.0
2017-03-16,45.65,46.5,44.75
2017-03-17,33.76,34.5,32.75
2017-03-20,31.92,32.0,31.0
2017-03-21,31.28,32.0,31.0
2017-03-22,38.23,39.0,37.75
2017-03-23,36.94,37.5,36.1
2017-03-24,30.1,30.3,29.8
2017-03-27,29.53,29.75,29.1
2017-03-28,31.43,31.9,30.85
2017-03-29,31.2,31.5,30.75
2017-03-30,32.15,32.55,32.0
2017-03-31,34.54,35.75,33.25
2017-04-03,33.51,34.75,32.3
2017-04-04,34.72,35.1,34.25
2017-04-05,32.42,33.0,32.0
2017-04-06,34.94,35.7,34.1
2017-04-07,37.18,37.75,36.5
2017-04-10,36.22,37.25,35.5
2017-04-11,36.6,37.25,35.75
2017-04-12,33.04,33.5,32.75
2017-04-13,32.12,32.5,31.75
2017-04-14,28.32,28.5,28.05
2017-04-18,32.59,32.75,32.0
2017-04-19,32.34,32.5,32.0
2017-04-20,37.2,37.4,37.0
2017-04-21,35.48,36.0,34.8
2017-04-24,33.38,33.75,32.95
2017-04-25,32.63,33.25,32.0
2017-04-26,32.4,32.75,32.0
2017-04-27,36.61,36.95,36.25
2017-04-28,36.81,37.5,36.0
2017-05-01,36.29,36.75,36.0
2017-05-02,30.28,30.75,30.0
2017-05-03,29.76,30.2,29.35
2017-05-04,30.47,31.05,30.0
2017-05-05,29.4,29.7,29.0
2017-05-08,32.54,33.3,32.0
2017-05-09,34.23,34.5,33.75
2017-05-10,33.79,34.25,33.5
2017-05-11,35.33,36.0,34.8
2017-05-12,33.8,34.65,33.0
2017-05-15,33.39,33.75,33.0
2017-05-16,36.95,38.0,35.5
2017-05-17,48.07,49.0,47.5
2017-05-18,63.69,65.5,62.0
2017-05-19,42.61,44.0,42.0
2017-05-22,33.3,34.0,32.7
2017-05-23,31.15,31.6,30.6
2017-05-24,29.43,29.55,29.25
2017-05-25,29.54,29.75,29.0
2017-05-30,32.8,33.0,32.6
2017-05-31,28.86,29.15,28.5
2017-06-01,28.18,28.5,28.0
2017-06-02,27.97,28.25,27.75
2017-06-05,30.5,30.9,29.95
2017-06-06,27.31,27.65,27.0
2017-06-07,24.03,24.25,23.9
2017-06-08,24.75,24.75,24.75
2017-06-09,27.46,27.75,27.25
2017-06-12,53.59,55.5,52.75
2017-06-13,45.43,46.5,45.0
2017-06-14,36.56,37.0,36.25
2017-06-15,28.91,29.25,28.55
2017-06-16,30.3,31.75,29.0
2017-06-19,31.37,31.75,31.0
2017-06-20,31.92,32.0,31.5
2017-06-21,29.23,29.55,28.5
2017-06-22,35.51,36.4,34.25
2017-06-23,32.16,32.55,31.75
2017-06-26,26.93,27.0,26.7
2017-06-27,24.63,25.75,24.0
2017-06-28,25.91,26.15,25.75
2017-06-29,31.19,31.5,31.0
2017-06-30,35.05,35.5,34.75
2017-07-03,32.03,32.5,31.5
2017-07-05,33.5,33.5,33.5
2017-07-06,30.76,31.5,30.25
2017-07-07,31.76,32.0,31.5
2017-07-10,33.22,34.0,32.75
2017-07-11,37.29,38.0,36.75
2017-07-12,43.21,44.5,42.25
2017-07-13,42.18,42.6,41.85
2017-07-14,32.5,33.25,31.45
2017-07-17,31.69,32.5,31.25
2017-07-18,36.1,36.7,36.0
2017-07-19,43.77,44.5,43.0
2017-07-20,53.05,55.0,51.0
2017-07-21,45.21,46.5,44.25
2017-07-24,34.6,35.2,33.85
2017-07-25,28.97,29.45,28.65
2017-07-26,30.41,30.7,30.05
2017-07-27,30.94,31.25,30.75
2017-07-28,30.0,31.25,28.75
2017-07-31,31.51,31.75,31.25
2017-08-01,35.21,35.4,35.0
2017-08-02,36.44,37.0,35.5
2017-08-03,34.76,35.25,34.25
2017-08-04,30.52,31.25,30.0
2017-08-07,28.86,29.0,28.5
2017-08-08,27.5,27.5,27.5
2017-08-09,28.61,29.0,28.5
2017-08-10,30.98,31.45,30.45
2017-08-11,29.56,29.75,29.25
2017-08-14,29.2,30.0,29.0
2017-08-15,32.92,34.0,32.0
2017-08-16,37.74,38.5,36.95
2017-08-17,36.6,37.0,36.0
2017-08-18,34.91,35.5,34.4
2017-08-21,39.18,39.5,38.0
2017-08-22,42.8,44.0,41.95
2017-08-23,31.21,31.5,30.8
2017-08-24,26.51,26.75,26.0
2017-08-25,25.92,26.25,25.75
2017-08-28,27.23,27.5,27.0
2017-08-29,26.86,27.1,26.6
2017-08-30,27.41,27.5,27.25
2017-08-31,29.35,30.0,28.75
2017-09-01,24.15,24.25,24.0
2017-09-05,32.33,33.0,32.0
2017-09-06,25.16,25.5,24.75
2017-09-07,23.95,24.25,23.75
2017-09-08,22.7,23.25,21.85
2017-09-11,26.08,26.75,26.0
2017-09-12,30.15,31.0,29.45
2017-09-13,32.29,32.95,31.85
2017-09-14,34.07,34.5,33.5
2017-09-15,35.12,35.5,34.8
2017-09-18,35.84,36.4,35.35
2017-09-19,36.22,37.5,35.15
2017-09-20,44.4,46.0,42.0
2017-09-21,51.44,52.5,50.0
2017-09-22,53.24,55.75,51.0
2017-09-25,68.98,74.0,67.0
2017-09-26,49.01,52.0,46.05
2017-09-27,38.76,41.25,37.0
2017-09-28,32.7,33.1,32.0
2017-09-29,27.49,29.0,27.0
2017-10-02,30.14,30.5,30.0
2017-10-03,31.98,32.25,31.75
2017-10-04,35.14,35.5,35.0
2017-10-05,39.22,40.75,37.5
2017-10-06,38.43,39.25,37.5
2017-10-09,47.53,49.0,46.5
2017-10-10,50.16,53.5,47.5
2017-10-11,37.11,38.5,35.75
2017-10-12,31.35,32.5,31.0
2017-10-13,29.2,29.5,29.0
2017-10-16,30.23,30.75,30.0
2017-10-17,31.89,33.0,30.25
2017-10-18,30.28,30.55,29.9
2017-10-19,28.66,29.05,28.25
2017-10-20,27.09,27.5,26.75
2017-10-23,30.44,30.75,30.3
2017-10-24,31.02,31.8,30.5
2017-10-25,31.14,31.5,31.0
2017-10-26,30.36,31.0,30.25
2017-10-27,28.0,28.0,28.0
2017-10-30,33.53,34.0,33.25
2017-10-31,32.63,33.25,31.75
2017-11-01,33.5,34.0,33.1
2017-11-02,30.14,30.7,29.5
2017-11-03,29.77,32.0,28.5
2017-11-06,34.16,35.25,33.0
2017-11-07,35.3,36.5,34.0
2017-11-08,44.64,47.75,42.0
2017-11-09,51.13,53.0,49.0
2017-11-10,58.28,63.0,52.0
2017-11-13,40.87,42.0,40.0
2017-11-14,40.39,41.5,39.5
2017-11-15,34.11,35.25,32.55
2017-11-16,32.95,33.75,31.75
2017-11-17,31.25,31.65,31.0
2017-11-20,34.17,34.5,34.0
2017-11-21,27.8,28.5,27.0
2017-11-22,28.0,28.5,27.75
2017-11-24,24.63,25.0,24.5
2017-11-27,30.08,30.5,29.25
2017-11-28,27.57,28.25,27.0
2017-11-29,28.17,28.65,27.75
2017-11-30,28.75,28.75,28.75
2017-12-01,27.53,27.75,27.5
2017-12-04,28.21,28.75,27.9
2017-12-05,28.78,29.65,28.25
2017-12-06,30.2,30.5,29.9
2017-12-07,37.44,38.25,36.75
2017-12-08,36.97,38.45,36.25
2017-12-11,40.28,41.0,39.0
2017-12-12,39.38,44.5,36.5
2017-12-13,47.76,49.5,46.0
2017-12-14,40.9,45.0,39.4
2017-12-15,38.52,39.5,38.0
2017-12-18,29.73,30.25,29.5
2017-12-19,27.32,28.0,26.65
2017-12-20,28.79,29.4,28.5
2017-12-21,32.29,32.5,31.75
2017-12-22,25.69,25.85,25.4
2017-12-26,34.22,36.0,33.0
2017-12-27,68.85,78.0,54.0
2017-12-28,125.29,135.0,105.0
2017-12-29,104.69,115.0,84.0
2018-01-02,186.89,200.0,165.0
2018-01-04,172.81,200.0,147.0
2018-01-05,366.91,450.0,290.0
2018-01-08,79.43,99.0,62.0
2018-01-10,36.31,38.0,35.5
2018-01-11,29.31,30.0,29.0
2018-01-12,29.93,30.5,29.45
2018-01-15,82.65,92.0,70.0
2018-01-16,91.46,95.0,85.75
2018-01-17,107.95,121.0,95.0
2018-01-18,64.23,69.0,58.0
2018-01-19,39.14,41.0,37.75
2018-01-22,30.16,30.5,29.75
2018-01-23,26.28,27.0,25.75
2018-01-24,32.5,34.0,32.25
2018-01-25,40.31,43.0,37.0
2018-01-26,33.2,34.0,32.5
2018-01-29,31.42,32.5,30.4
2018-01-30,46.65,48.0,46.0
2018-01-31,47.04,49.9,45.0
2018-02-01,35.12,35.75,34.0
2018-02-02,54.6,59.0,51.0
2018-02-05,43.31,45.0,42.0
2018-02-06,32.09,34.25,29.5
2018-02-07,31.92,33.5,30.15
2018-02-08,38.38,39.0,37.75
2018-02-09,31.6,32.2,31.0
2018-02-12,28.13,29.0,27.65
2018-02-13,30.68,31.5,29.75
2018-02-14,24.66,25.0,24.5
2018-02-15,22.71,23.5,22.5
2018-02-16,23.87,24.45,23.75
2018-02-19,24.77,25.0,24.5
2018-02-20,25.0,25.0,25.0
2018-02-21,24.29,24.5,23.75
2018-02-22,29.89,30.9,29.0
2018-02-23,27.21,27.5,27.0
2018-02-26,25.61,26.0,25.3
2018-02-27,26.46,26.6,26.25
2018-02-28,26.22,26.5,26.0
2018-03-01,27.28,28.0,26.5
2018-03-02,32.58,33.0,31.6
2018-03-05,33.34,34.0,32.7
2018-03-06,33.69,34.0,33.4
2018-03-07,36.54,37.0,36.25
2018-03-08,38.75,39.75,37.5
2018-03-09,35.58,36.0,34.9
2018-03-12,38.81,40.0,37.5
2018-03-13,54.14,60.0,47.5
2018-03-14,43.64,48.0,41.5
2018-03-15,36.3,37.15,35.55
2018-03-16,35.11,36.0,34.75
2018-03-19,33.91,36.5,32.55
2018-03-20,46.13,48.0,44.0
2018-03-21,49.84,56.5,44.0
2018-03-22,44.02,45.0,42.75
2018-03-23,35.13,36.5,34.5
2018-03-26,35.02,35.5,34.5
2018-03-27,32.54,33.0,32.0
2018-03-28,31.79,32.25,31.5
2018-03-29,31.37,32.25,30.25
2018-03-30,25.89,26.75,25.0
2018-04-03,34.15,34.75,33.75
2018-04-04,33.9,34.45,33.5
2018-04-05,40.55,41.5,39.25
2018-04-06,34.23,35.0,33.55
2018-04-09,48.31,49.05,45.0
2018-04-10,40.72,42.5,39.25
2018-04-11,34.7,35.0,34.25
2018-04-12,31.65,32.0,31.25
2018-04-13,30.31,30.85,29.75
2018-04-16,41.08,42.0,40.25
2018-04-17,48.88,50.0,47.0
2018-04-18,38.8,39.25,38.4
2018-04-19,39.26,40.5,38.5
2018-04-20,41.79,43.0,41.0
2018-04-23,36.12,36.5,35.75
2018-04-24,38.99,40.25,36.75
2018-04-25,37.37,38.0,36.7
2018-04-26,36.78,37.25,36.0
2018-04-27,34.64,35.75,33.9
2018-04-30,37.29,37.75,36.25
2018-05-01,38.51,40.0,37.0
2018-05-02,47.13,49.0,46.0
2018-05-03,57.29,60.0,55.0
2018-05-04,51.45,55.0,48.5
2018-05-07,31.43,31.8,31.0
2018-05-08,33.69,34.5,33.0
2018-05-09,38.02,38.5,36.0
2018-05-10,38.66,40.0,37.0
2018-05-11,36.19,37.65,35.5
2018-05-14,48.99,52.0,47.5
2018-05-15,58.69,60.5,56.05
2018-05-16,39.44,40.5,38.25
2018-05-17,35.19,36.25,33.85
2018-05-18,33.06,33.75,32.65
2018-05-21,40.59,42.25,39.6
2018-05-22,39.45,40.0,38.5
2018-05-23,41.92,43.0,40.0
2018-05-24,46.83,50.0,45.0
2018-05-25,56.81,58.0,56.0
2018-05-29,61.93,65.0,59.15
2018-05-30,36.25,37.0,35.5
2018-05-31,50.83,55.0,47.0
2018-06-01,58.21,60.75,55.0
2018-06-04,30.05,30.25,29.75
2018-06-05,28.83,29.5,28.6
2018-06-06,27.75,28.0,27.25
2018-06-07,32.57,33.0,31.75
2018-06-08,35.83,36.0,35.5
2018-06-11,30.09,30.5,29.75
2018-06-12,28.37,28.85,28.25
2018-06-13,34.04,34.55,33.05
2018-06-14,34.52,35.0,34.0
2018-06-15,32.51,32.55,32.5
2018-06-18,74.49,77.0,70.85
2018-06-19,48.03,50.25,46.0
2018-06-20,33.82,34.65,33.0
2018-06-21,32.52,33.15,32.0
2018-06-22,28.03,28.75,27.5
2018-06-25,32.3,33.0,31.75
2018-06-26,31.6,32.2,31.05
2018-06-27,29.57,30.0,29.0
2018-06-28,38.6,39.25,38.05
2018-06-29,50.64,52.5,48.0
2018-07-02,64.87,66.0,62.75
2018-07-03,64.49,68.0,59.9
2018-07-05,47.39,49.0,46.05
2018-07-06,34.62,35.0,33.5
2018-07-09,37.02,37.95,36.75
2018-07-10,40.94,41.75,40.0
2018-07-11,37.68,38.0,37.25
2018-07-12,34.16,34.75,33.7
2018-07-13,38.49,38.5,38.4
2018-07-16,50.29,51.0,49.75
2018-07-17,40.88,41.0,40.5
2018-07-18,33.38,33.65,33.0
2018-07-19,33.6,34.25,33.25
2018-07-20,34.84,35.5,34.25
2018-07-23,37.5,37.5,37.5
2018-07-24,35.93,36.25,35.25
2018-07-25,37.52,38.5,36.7
2018-07-26,41.38,42.5,40.75
2018-07-27,37.32,37.75,36.6
2018-07-30,68.34,69.0,67.9
2018-07-31,33.13,33.55,32.5
2018-08-01,36.59,36.85,36.25
2018-08-02,39.15,39.5,38.5
2018-08-03,35.16,35.5,34.75
2018-08-06,48.44,49.0,47.5
2018-08-07,46.16,47.0,45.0
2018-08-08,41.16,42.35,39.5
2018-08-09,39.0,39.0,39.0
2018-08-10,37.98,38.5,37.5
2018-08-13,35.73,36.0,35.5
2018-08-14,37.13,37.25,36.75
2018-08-15,38.67,38.75,38.55
2018-08-16,39.77,40.0,39.25
2018-08-17,40.3,40.75,40.0
2018-08-20,35.04,35.25,35.0
2018-08-21,32.54,32.75,32.25
2018-08-22,33.07,33.25,32.0
2018-08-23,29.86,30.5,29.05
2018-08-24,28.66,29.0,28.4
2018-08-27,46.07,46.5,45.75
2018-08-28,54.3,55.0,53.0
2018-08-29,48.26,49.0,47.75
2018-08-30,40.88,41.5,40.0
2018-08-31,33.19,33.75,33.0
2018-09-04,52.78,54.0,51.5
2018-09-05,52.84,55.0,51.5
2018-09-06,43.3,44.0,42.35
2018-09-07,34.94,35.25,34.7
2018-09-10,32.6,33.0,32.25
2018-09-11,36.03,36.5,35.25
2018-09-12,36.73,38.0,36.0
2018-09-13,39.63,41.0,39.0
2018-09-14,45.15,47.25,43.0
2018-09-17,41.05,43.0,40.4
2018-09-18,48.42,51.5,45.0
2018-09-19,47.32,48.5,46.75
2018-09-20,50.13,51.0,48.25
2018-09-21,47.71,49.75,46.5
2018-09-24,36.04,37.0,35.5
2018-09-25,37.88,38.25,37.5
2018-09-26,43.19,43.75,42.5
2018-09-27,30.92,31.5,30.05
2018-09-28,29.75,30.1,29.5
2018-10-01,39.41,40.0,38.45
2018-10-02,42.97,43.5,42.0
2018-10-03,42.81,44.0,42.25
2018-10-04,42.95,44.25,42.0
2018-10-05,32.88,33.05,32.75
2018-10-08,46.72,47.1,45.75
2018-10-09,53.48,55.0,52.0
2018-10-10,47.3,48.25,46.0
2018-10-11,36.5,36.55,36.35
2018-10-12,30.28,31.5,30.0
2018-10-15,32.1,33.0,31.65
2018-10-16,35.1,35.25,34.5
2018-10-17,31.11,31.55,30.55
2018-10-18,35.36,36.15,35.0
2018-10-19,32.01,32.05,32.0
2018-10-22,38.18,38.5,37.75
2018-10-23,35.0,36.0,34.0
2018-10-24,39.02,39.25,38.75
2018-10-25,42.08,42.75,41.25
2018-10-26,40.33,42.0,39.0
2018-10-29,40.07,40.5,39.65
2018-10-30,36.8,38.0,35.6
2018-10-31,33.26,33.95,31.5
2018-11-01,34.56,35.25,33.75
2018-11-02,33.53,34.75,32.75
2018-11-05,37.28,37.95,37.0
2018-11-06,36.45,37.8,35.0
2018-11-07,36.16,36.8,35.75
2018-11-08,40.03,40.5,39.3
2018-11-09,45.92,47.0,44.5
2018-11-12,47.25,48.2,46.25
2018-11-13,43.95,46.0,42.0
2018-11-14,50.41,50.9,49.75
2018-11-15,62.25,68.0,58.5
2018-11-16,44.53,46.0,42.5
2018-11-19,44.35,44.55,43.45
2018-11-20,39.29,40.0,39.0
2018-11-21,41.05,42.0,40.5
2018-11-23,44.1,45.0,43.25
2018-11-26,39.54,40.0,39.25
2018-11-27,44.78,45.5,44.25
2018-11-28,47.76,49.0,47.0
2018-11-29,44.34,45.0,43.6
2018-11-30,38.82,39.75,38.3
2018-12-03,37.72,39.0,37.0
2018-12-04,44.79,47.0,43.5
2018-12-05,53.98,54.0,53.75
2018-12-06,50.67,53.0,49.75
2018-12-07,44.03,45.0,43.0
2018-12-10,48.12,49.0,47.0
2018-12-11,48.93,49.0,48.75
2018-12-12,42.43,44.25,42.0
2018-12-13,37.45,37.75,36.75
2018-12-14,34.91,35.5,34.5
2018-12-17,37.6,38.0,37.25
2018-12-18,40.09,41.0,39.5
2018-12-19,36.56,37.0,36.35
2018-12-20,35.73,36.75,34.75
2018-12-21,30.12,30.25,30.0
2018-12-24,28.12,28.45,28.0
2018-12-26,31.88,32.0,31.5
2018-12-27,31.01,31.25,30.85
2018-12-28,25.2,26.0,25.0
2018-12-31,26.96,27.0,26.75
2019-01-02,30.93,31.5,30.5
2019-01-03,28.95,29.25,28.55
2019-01-04,26.16,26.75,25.75
2019-01-07,30.45,30.75,30.0
2019-01-08,24.89,25.5,24.5
2019-01-09,31.03,31.5,30.7
2019-01-10,36.06,38.0,34.75
2019-01-11,40.57,42.25,39.0
2019-01-14,36.46,38.0,35.65
2019-01-15,36.59,39.0,32.75
2019-01-16,31.78,32.3,31.5
2019-01-17,35.38,36.0,34.5
2019-01-18,32.27,33.25,29.0
2019-01-21,98.64,114.0,93.0
2019-01-22,58.63,64.0,54.0
2019-01-23,31.32,32.5,31.0
2019-01-24,29.67,31.0,29.0
2019-01-25,38.81,42.0,37.0
2019-01-28,31.76,33.0,31.0
2019-01-29,35.29,37.0,33.75
2019-01-30,70.75,77.0,67.0
2019-01-31,93.18,116.0,84.0
2019-02-01,46.87,51.0,43.0
2019-02-04,26.55,26.8,26.25
2019-02-05,24.16,24.5,23.7
2019-02-06,25.54,26.75,25.0
2019-02-07,22.58,22.75,22.5
2019-02-08,26.4,27.0,26.05
2019-02-11,30.76,31.35,29.75
2019-02-12,29.98,30.5,29.15
2019-02-13,27.92,28.0,27.5
2019-02-14,25.98,26.25,25.5
2019-02-15,24.14,24.5,24.0
2019-02-18,29.43,29.55,29.0
2019-02-19,33.63,34.0,32.5
2019-02-20,35.22,35.75,34.0
2019-02-21,26.39,27.0,26.0
2019-02-22,27.12,27.25,26.85
2019-02-25,30.42,31.0,30.25
2019-02-26,35.48,36.0,35.25
2019-02-27,31.74,32.0,31.5
2019-02-28,31.98,32.5,31.25
2019-03-01,33.56,34.0,33.0
2019-03-04,42.68,44.0,42.0
2019-03-05,48.88,52.75,47.5
2019-03-06,45.53,47.5,44.0
2019-03-07,37.68,38.75,37.0
2019-03-08,34.36,35.05,33.75
2019-03-11,31.46,31.75,31.2
2019-03-12,32.61,33.75,31.75
2019-03-13,33.06,33.25,32.75
2019-03-14,27.27,29.75,27.0
2019-03-15,25.07,25.6,24.75
2019-03-19,34.5,34.5,34.5
2019-03-20,32.13,32.3,32.0
2019-03-21,32.68,33.25,31.75
2019-03-22,33.53,34.0,33.0
2019-03-25,33.9,34.0,33.75
2019-03-26,33.94,34.25,33.75
2019-03-27,31.96,32.05,31.75
2019-03-28,27.12,27.3,26.75
2019-03-29,25.51,25.75,25.25
2019-04-01,34.25,34.5,33.5
2019-04-02,31.11,31.5,30.5
2019-04-03,28.35,28.5,28.25
2019-04-04,28.44,29.25,28.25
2019-04-05,31.28,31.7,30.5
2019-04-08,34.03,34.45,33.75
2019-04-09,34.93,36.0,34.0
2019-04-10,29.6,30.25,29.0
2019-04-11,27.57,28.0,27.15
2019-04-12,26.89,27.25,26.5
2019-04-15,31.05,31.25,31.0
2019-04-16,29.89,30.5,29.0
2019-04-17,27.05,27.25,26.85
2019-04-18,30.61,30.85,30.05
2019-04-19,25.93,26.1,25.75
2019-04-23,29.27,29.85,28.25
2019-04-24,30.19,30.5,29.75
2019-04-25,27.93,28.05,27.5
2019-04-26,27.25,27.5,27.0
2019-04-29,28.41,28.6,28.25
2019-04-30,32.65,34.0,32.0
2019-05-01,32.81,33.75,31.8
2019-05-02,38.37,39.75,37.25
2019-05-03,31.54,32.5,30.75
2019-05-06,28.57,29.0,28.25
2019-05-07,27.62,28.2,27.2
2019-05-08,25.89,26.4,25.55
2019-05-09,25.14,25.85,24.85
2019-05-10,26.48,27.0,26.1
2019-05-13,25.02,25.25,24.9
2019-05-14,26.4,26.5,26.0
2019-05-15,25.7,25.85,25.5
2019-05-16,27.4,27.5,27.25
2019-05-17,29.73,30.25,29.5
2019-05-20,36.58,37.0,36.25
2019-05-21,26.93,27.75,26.0
2019-05-22,26.28,26.75,26.0
2019-05-23,31.66,32.05,30.75
2019-05-24,27.83,29.25,27.0
2019-05-28,40.49,42.0,39.0
2019-05-29,35.35,36.9,34.0
2019-05-30,33.09,33.5,32.5
2019-05-31,28.17,28.75,27.35
2019-06-03,24.66,25.25,24.5
2019-06-04,24.02,24.15,24.0
2019-06-05,29.11,29.5,28.5
2019-06-06,31.27,32.0,31.0
2019-06-07,26.59,26.95,26.4
2019-06-10,25.82,26.5,25.45
2019-06-11,23.4,23.75,23.0
2019-06-12,22.82,23.0,22.6
2019-06-13,21.18,21.35,20.5
2019-06-14,20.75,21.0,20.6
2019-06-17,31.36,31.75,30.7
2019-06-18,27.5,27.85,27.25
2019-06-19,26.65,27.0,26.5
2019-06-20,29.01,29.35,28.75
2019-06-21,23.81,24.35,23.65
2019-06-24,30.61,31.0,30.25
2019-06-25,30.77,31.0,30.6
2019-06-26,32.11,33.0,31.75
2019-06-27,34.82,35.05,34.0
2019-06-28,35.63,36.0,35.05
2019-07-01,28.47,29.0,28.25
2019-07-02,32.2,32.5,32.0
2019-07-03,33.85,34.1,33.25
2019-07-05,29.35,29.5,29.2
2019-07-08,29.36,29.5,29.25
2019-07-09,30.26,30.5,30.1
2019-07-10,37.27,38.0,36.5
2019-07-11,36.63,38.0,35.5
2019-07-12,32.08,32.75,31.5
2019-07-15,33.55,34.0,33.15
2019-07-16,34.13,35.0,33.55
2019-07-17,38.42,40.0,37.0
2019-07-18,40.23,42.5,38.75
2019-07-19,52.16,54.0,51.0
2019-07-22,32.41,33.5,31.0
2019-07-23,25.03,25.6,23.75
2019-07-24,24.76,25.0,24.55
2019-07-25,28.22,28.75,27.7
2019-07-26,30.77,31.25,30.25
2019-07-29,33.92,34.0,33.5
2019-07-30,34.84,35.75,34.0
2019-07-31,29.34,30.25,29.1
2019-08-01,28.91,29.5,28.0
2019-08-02,27.94,28.25,27.3
2019-08-05,31.08,31.45,30.75
2019-08-06,32.67,32.75,32.45
2019-08-07,30.66,31.0,30.1
2019-08-08,28.95,29.1,28.5
2019-08-09,27.0,27.0,27.0
2019-08-12,31.11,31.25,31.0
2019-08-13,29.78,30.0,29.0
2019-08-14,28.02,28.25,27.75
2019-08-15,27.5,27.5,27.5
2019-08-16,29.25,30.5,28.5
2019-08-19,40.05,40.5,39.8
2019-08-20,35.52,36.0,35.0
2019-08-21,33.27,34.0,32.9
2019-08-22,30.38,30.95,30.0
2019-08-23,24.38,24.6,24.05
2019-08-26,24.88,25.0,24.5
2019-08-27,23.46,24.0,23.0
2019-08-28,25.4,25.5,25.25
2019-08-29,25.18,25.35,24.85
2019-08-30,26.63,26.9,26.25
2019-09-03,32.93,33.5,32.3
2019-09-04,32.11,33.0,31.25
2019-09-05,25.22,25.75,24.75
2019-09-06,24.91,25.75,24.25
2019-09-09,29.72,30.0,29.5
2019-09-10,37.6,39.5,35.0
2019-09-11,43.19,44.25,42.35
2019-09-12,41.77,43.5,40.75
2019-09-13,29.51,30.0,28.75
2019-09-16,42.75,43.25,41.0
2019-09-17,30.83,31.0,30.5
2019-09-18,27.31,27.5,27.0
2019-09-19,25.05,25.1,25.0
2019-09-20,26.01,26.25,25.65
2019-09-23,36.32,36.75,36.0
2019-09-24,28.57,30.0,27.95
2019-09-25,30.82,31.25,29.5
2019-09-26,32.33,32.85,32.0
2019-09-27,29.93,31.15,28.5
2019-09-30,39.63,41.0,38.25
2019-10-01,40.81,43.0,40.0
2019-10-02,60.85,64.0,59.0
2019-10-03,41.37,42.75,40.25
2019-10-04,25.95,26.0,25.7
2019-10-07,27.01,27.5,26.75
2019-10-08,24.8,25.5,24.5
2019-10-09,24.44,24.5,24.25
2019-10-10,24.29,25.0,23.75
2019-10-11,23.51,23.75,23.25
2019-10-15,26.28,26.5,25.75
2019-10-16,25.82,26.5,25.5
2019-10-18,24.99,25.55,24.5
2019-10-21,27.75,27.95,27.5
2019-10-22,30.82,32.0,30.5
2019-10-23,30.74,31.5,30.4
2019-10-24,30.38,30.5,30.25
2019-10-25,29.88,30.0,29.75
2019-10-28,31.5,31.5,31.5
2019-10-29,26.81,27.0,26.25
2019-10-30,29.36,29.75,29.0
2019-10-31,33.41,34.5,32.25
2019-11-01,31.56,32.5,30.75
2019-11-04,31.42,31.6,31.0
2019-11-05,30.82,31.0,30.5
2019-11-06,32.78,33.0,32.5
2019-11-07,34.12,34.5,33.7
2019-11-08,38.92,39.5,37.75
2019-11-11,32.05,33.25,30.75
2019-11-12,40.79,42.0,39.5
2019-11-13,55.32,59.75,52.0
2019-11-14,44.15,47.0,40.5
2019-11-15,31.13,32.0,30.0
2019-11-18,29.44,30.0,29.0
2019-11-19,35.1,38.5,32.0
2019-11-20,41.51,45.0,36.95
2019-11-21,30.62,32.25,30.0
2019-11-22,27.0,27.5,26.5
2019-11-25,29.92,31.0,29.0
2019-11-26,24.34,24.75,24.0
2019-11-27,23.15,23.25,22.5
2019-11-29,23.4,23.5,23.3
2019-12-02,31.7,32.05,31.25
2019-12-03,28.54,29.15,28.0
2019-12-04,25.34,25.6,25.0
2019-12-05,24.74,24.8,24.5
2019-12-06,24.13,24.25,24.0
2019-12-09,23.91,24.5,23.25
2019-12-10,27.2,27.75,26.5
2019-12-11,34.21,35.1,33.0
2019-12-12,32.34,33.0,32.0
2019-12-13,28.05,28.75,27.25
2019-12-16,28.82,29.65,28.25
2019-12-17,28.4,28.75,28.0
2019-12-18,38.69,41.0,37.0
2019-12-19,41.67,44.0,39.5
2019-12-20,31.22,31.85,31.0
2019-12-23,23.27,23.35,23.2
2019-12-24,21.75,21.75,21.75
2019-12-27,20.13,20.5,20.0
2019-12-30,21.21,21.5,21.0
2019-12-31,21.0,21.0,21.0
2020-01-02,23.33,23.5,23.0
2020-01-02,23.33,23.5,23.0
2020-01-03,21.55,22.0,21.5
2020-01-06,26.0,26.0,26.0
2020-01-07,26.92,27.05,26.75
2020-01-09,25.87,26.0,25.75
2020-01-10,21.81,22.0,21.75
2020-01-13,21.77,22.0,21.5
2020-01-14,23.91,24.25,23.5
2020-01-15,22.04,22.25,22.0
2020-01-16,25.0,25.0,25.0
2020-01-17,27.45,28.25,27.0
2020-01-20,31.25,32.5,29.5
2020-01-21,30.5,30.5,30.5
2020-01-22,25.49,25.55,25.25
2020-01-23,24.79,26.0,23.5
2020-01-24,21.33,21.55,20.75
2020-01-27,23.29,23.5,23.0
2020-01-28,23.92,24.0,23.75
2020-01-29,25.88,26.25,25.75
2020-01-30,25.7,25.75,25.5
2020-01-31,24.69,25.25,24.15
2020-02-03,20.98,21.0,20.85
2020-02-04,19.25,19.75,19.0
2020-02-05,22.75,23.0,22.5
2020-02-06,21.37,22.0,21.25
2020-02-07,22.98,23.2,22.75
2020-02-10,22.69,22.95,22.5
2020-02-11,21.14,21.5,21.0
2020-02-12,22.66,22.75,22.5
2020-02-13,20.52,20.75,20.0
2020-02-14,28.67,29.0,28.0
2020-02-18,20.67,21.0,20.5
2020-02-19,22.58,23.0,22.5
2020-02-20,26.7,27.75,26.0
2020-02-21,25.29,25.6,25.0
2020-02-24,20.0,20.0,20.0
2020-02-25,19.91,20.0,19.7
2020-02-26,20.08,20.25,19.75
2020-02-27,23.0,23.0,23.0
2020-02-28,22.86,23.5,22.5
2020-03-02,21.25,21.25,21.25
2020-03-03,20.39,20.5,20.0
2020-03-04,20.57,20.75,20.5
2020-03-05,20.23,20.5,20.0
2020-03-06,23.84,24.05,23.55
2020-03-09,21.25,21.25,21.25
2020-03-10,19.39,19.5,19.0
2020-03-11,23.01,23.25,22.45
2020-03-12,24.39,25.5,22.25
2020-03-13,22.53,23.0,22.0
2020-03-16,25.87,26.5,25.5
2020-03-18,22.5,22.5,22.5
2020-03-19,18.61,19.0,18.5
2020-03-20,18.3,18.5,18.1
2020-03-23,21.55,21.75,21.5
2020-03-24,18.6,19.0,18.1
2020-03-25,23.7,24.8,23.0
2020-03-26,20.17,20.5,19.5
2020-03-27,18.71,19.5,18.25
2020-03-30,18.3,18.5,18.25
2020-04-02,18.88,18.9,18.6
2020-04-03,16.13,16.6,15.75
2020-04-06,18.1,18.25,18.0
2020-04-06,20.36,20.95,19.5
2020-04-07,17.12,17.25,17.0
2020-04-08,18.58,20.0,17.35
2020-04-09,17.49,18.0,16.95
2020-04-10,18.5,19.5,17.9
2020-04-14,22.48,23.0,22.0
2020-04-15,24.4,24.55,24.0
2020-04-16,21.9,22.75,21.5
2020-04-17,20.17,20.6,20.0
2020-04-19,21.48,21.85,21.0
2020-04-20,19.63,20.0,19.0
2020-04-21,20.27,20.75,20.0
2020-04-22,20.34,20.5,20.0
2020-04-23,20.33,21.0,20.0
2020-04-24,21.1,21.45,21.0
2020-04-27,21.0,21.0,21.0
2020-04-28,21.22,21.65,21.0
2020-04-29,19.67,20.0,19.0
2020-04-30,19.08,19.2,19.0
2020-05-01,19.09,19.25,19.0
2020-05-04,20.69,21.0,20.3
2020-05-05,20.1,20.15,20.0
2020-05-06,23.15,23.85,22.0
2020-05-07,20.52,20.9,20.15
2020-05-08,20.62,21.1,20.4
2020-05-11,21.32,21.35,21.25
2020-05-12,19.66,20.0,19.5
2020-05-13,18.3,18.5,18.0
2020-05-14,18.39,19.0,18.0
2020-05-15,22.33,22.95,21.5
2020-05-18,18.9,19.1,18.75
2020-05-19,16.19,16.9,15.95
2020-05-20,15.63,15.75,15.5
2020-05-21,17.85,18.0,17.75
2020-05-22,19.78,20.0,19.5
2020-05-26,21.79,22.5,21.3
2020-05-27,27.38,28.5,26.0
2020-05-28,25.98,28.5,24.6
2020-05-29,26.66,27.75,25.5
2020-06-01,16.2,16.5,16.0
2020-06-02,20.22,21.0,20.0
2020-06-03,29.28,29.9,29.0
2020-06-04,28.09,30.25,27.25
2020-06-05,31.09,32.0,29.75
2020-06-08,20.39,23.0,20.0
2020-06-09,29.24,30.25,28.0
2020-06-10,30.42,31.5,29.25
2020-06-11,24.51,25.0,23.75
2020-06-12,20.22,21.0,19.8
2020-06-15,18.73,19.0,18.5
2020-06-16,19.0,19.0,19.0
2020-06-17,21.35,22.0,20.55
2020-06-18,20.95,21.45,20.65
2020-06-19,23.54,23.75,23.25
2020-06-22,29.17,29.5,28.75
2020-06-23,25.5,26.0,24.5
2020-06-24,20.7,20.8,20.5
2020-06-25,20.25,20.25,20.25
2020-06-26,23.75,24.5,23.5
2020-06-30,25.85,26.25,25.5
2020-07-01,24.78,25.75,24.25
2020-07-02,29.58,29.85,29.1
2020-07-03,28.55,30.25,27.25
2020-07-06,34.66,35.0,34.0
2020-07-07,33.47,34.75,32.5
2020-07-08,35.66,36.35,35.25
2020-07-09,39.08,39.25,39.0
2020-07-10,33.49,34.55,32.25
2020-07-13,29.16,30.0,28.0
2020-07-14,29.52,31.0,28.5
2020-07-15,32.12,33.15,29.7
2020-07-16,33.32,34.25,32.3
2020-07-17,33.9,34.75,33.25
2020-07-20,51.91,53.25,49.75
2020-07-21,36.53,36.8,36.15
2020-07-22,30.98,32.0,30.55
2020-07-23,27.02,28.0,26.85
2020-07-24,27.25,27.25,27.25
2020-07-27,41.0,41.0,40.95
2020-07-28,32.58,33.0,32.0
2020-07-29,30.25,30.25,30.25
2020-07-30,29.89,30.45,29.5
2020-07-31,24.7,25.15,24.25
2020-08-03,26.0,26.0,26.0
2020-08-04,23.36,23.75,22.9
2020-08-06,24.88,25.5,24.5
2020-08-07,27.8,28.0,27.75
2020-08-10,34.5,34.5,34.5
2020-08-11,36.27,37.5,35.75
2020-08-12,32.0,32.3,31.45
2020-08-13,28.1,28.5,27.5
2020-08-14,27.78,28.25,27.05
2020-08-17,27.0,27.0,27.0
2020-08-19,25.06,25.25,24.95
2020-08-20,24.85,25.15,24.65
2020-08-21,29.75,30.25,29.25
2020-08-24,36.0,36.0,36.0
2020-08-25,40.69,41.5,40.0
2020-08-26,34.11,34.75,33.75
2020-08-27,38.88,39.55,38.0
2020-08-28,29.85,30.05,29.5
2020-08-31,24.9,25.0,24.65
2020-09-01,24.59,25.0,24.35
2020-09-02,29.3,30.0,28.35
2020-09-03,28.15,28.75,27.9
2020-09-04,24.03,24.3,23.9
2020-09-08,28.91,29.5,28.0
2020-09-09,31.46,35.0,29.4
2020-09-10,26.66,27.5,26.1
2020-09-11,26.02,26.1,26.0
2020-09-14,29.01,29.75,28.5
2020-09-15,22.31,22.75,22.0
2020-09-16,20.95,21.25,20.25
2020-09-17,19.9,20.25,19.65
2020-09-18,16.32,16.5,16.25
2020-09-21,18.2,18.25,18.0
2020-09-22,18.75,19.25,18.5
2020-09-23,22.45,22.5,22.25
2020-09-24,21.4,21.6,21.25
2020-09-25,19.93,20.0,19.85
2020-09-28,25.99,26.5,25.5
2020-09-29,20.13,20.75,20.0
2020-09-30,20.35,21.65,19.7
2020-10-01,18.82,19.15,18.5
2020-10-02,19.47,21.0,18.75
2020-10-05,20.88,21.0,20.75
2020-10-06,22.79,23.5,22.35
2020-10-07,24.21,25.5,23.4
2020-10-08,22.2,23.3,21.75
2020-10-09,23.31,23.8,23.0
2020-10-12,25.74,26.25,24.75
2020-10-13,22.75,23.0,22.55
2020-10-14,21.85,22.25,21.5
2020-10-15,23.31,24.5,22.5
2020-10-16,23.62,24.0,23.25
2020-10-19,26.88,27.0,26.75
2020-10-20,29.64,31.5,28.5
2020-10-21,30.46,31.55,30.0
2020-10-22,30.03,31.0,29.0
2020-10-23,27.08,28.0,26.5
2020-10-27,31.68,32.0,31.25
2020-10-28,33.01,33.4,32.5
2020-10-29,33.9,34.6,32.5
2020-10-30,33.8,33.9,33.75
2020-11-02,39.49,40.25,38.75
2020-11-03,28.28,29.0,27.75
2020-11-04,24.8,24.85,24.75
2020-11-05,24.26,24.3,24.25
2020-11-06,23.19,24.25,22.4
2020-11-09,24.14,24.25,24.0
2020-11-10,20.96,21.25,20.5
2020-11-11,25.55,26.5,24.5
2020-11-12,26.6,26.75,26.5
2020-11-13,25.03,25.25,24.5
2020-11-17,28.35,29.0,27.5
2020-11-18,27.5,27.75,27.25
2020-11-19,24.36,24.5,24.25
2020-11-20,20.87,21.0,20.5
2020-11-23,22.6,23.0,22.5
2020-11-24,25.51,26.0,25.0
2020-11-25,21.6,21.9,21.5
2020-11-27,18.55,18.95,18.35
2020-11-30,24.05,24.5,23.5
2020-12-01,29.4,30.5,26.5
2020-12-02,29.98,30.75,29.5
2020-12-03,26.73,26.9,26.5
2020-12-04,23.24,23.5,23.0
2020-12-08,28.99,29.25,28.5
2020-12-09,26.07,26.25,25.55
2020-12-10,24.88,25.0,24.75
2020-12-11,21.84,22.05,21.75
2020-12-14,28.89,29.25,28.5
2020-12-15,33.08,34.0,29.25
2020-12-16,36.22,37.5,35.0
2020-12-17,42.4,46.0,37.75
2020-12-18,40.35,42.5,37.9
2020-12-21,28.04,28.5,27.5
2020-12-22,27.83,28.0,27.25
2020-12-23,24.58,24.95,24.4
2020-12-24,21.23,21.5,21.0
2020-12-28,27.55,28.0,26.5
2020-12-29,28.07,28.75,27.5
2020-12-30,22.88,23.0,22.75
2020-12-31,20.35,20.75,20.0
2021-01-04,23.38,23.5,23.25
2021-01-05,27.21,28.85,25.0
2021-01-06,34.42,35.5,33.25
2021-01-07,27.84,28.25,27.1
2021-01-08,30.08,30.5,29.9
2021-01-11,31.63,32.0,30.75
2021-01-12,28.25,28.75,27.85
2021-01-13,26.38,27.0,25.7
2021-01-14,26.35,26.5,26.0
2021-01-15,27.16,27.5,27.0
2021-01-18,31.75,32.0,31.0
2021-01-19,27.04,27.5,26.75
2021-01-20,28.07,28.25,27.75
2021-01-21,23.84,24.25,23.6
2021-01-22,24.06,24.5,23.75
2021-01-25,27.8,28.35,27.45
2021-01-26,26.5,27.5,25.7
2021-01-27,28.87,29.35,28.05
2021-01-28,36.43,37.5,34.75
2021-01-29,43.28,46.0,41.75
2021-02-01,32.97,34.0,32.05
2021-02-02,33.23,34.0,31.5
2021-02-03,33.27,34.0,32.5
2021-02-04,29.5,30.25,29.0
2021-02-05,26.97,27.25,26.75
2021-02-08,40.43,44.0,37.75
2021-02-09,37.52,41.0,35.0
2021-02-10,37.19,37.75,36.5
2021-02-11,40.03,41.75,38.5
2021-02-12,48.83,51.0,47.0
2021-02-15,61.5,72.0,52.0
2021-02-16,87.42,105.0,60.0
2021-02-17,132.38,150.0,109.0
2021-02-18,169.92,200.0,150.0
2021-02-19,78.36,89.0,68.6
2021-02-22,39.66,40.5,39.0
2021-02-23,29.01,29.5,28.5
2021-02-24,23.79,25.0,23.0
2021-02-25,23.92,24.25,23.5
2021-02-26,23.9,24.25,23.5
2021-03-01,25.47,26.5,25.0
2021-03-02,33.81,34.95,33.0
2021-03-03,28.61,31.25,27.75
2021-03-04,27.7,28.0,27.0
2021-03-05,29.23,29.75,28.5
2021-03-08,28.23,28.5,28.0
2021-03-09,22.0,22.0,22.0
2021-03-10,21.07,21.5,20.35
2021-03-11,21.05,21.25,20.75
2021-03-12,23.84,24.0,23.6
2021-03-15,33.5,33.5,33.5
2021-03-16,31.99,33.0,31.0
2021-03-17,26.45,26.5,26.25
2021-03-18,25.81,26.5,24.75
2021-03-19,29.52,29.9,29.0
2021-03-22,27.0,27.0,27.0
2021-03-23,24.34,24.75,24.0
2021-03-24,28.27,29.0,27.95
2021-03-25,26.63,26.75,26.5
2021-03-26,27.98,28.25,27.75
2021-03-29,30.22,30.5,29.9
2021-03-30,25.99,26.5,25.5
2021-03-31,25.39,26.0,25.0
2021-04-01,31.87,32.25,31.0
2021-04-02,31.86,32.5,31.0
2021-04-06,26.91,27.25,26.3
2021-04-07,28.44,29.0,28.0
2021-04-08,27.93,28.0,27.75
2021-04-09,24.63,25.0,24.0
2021-04-12,27.75,28.0,27.25
2021-04-13,27.11,27.7,26.85
2021-04-14,29.42,30.75,29.0
2021-04-15,31.25,31.25,31.25
2021-04-16,33.39,34.0,33.0
2021-04-20,33.13,33.4,32.8
2021-04-21,37.16,38.4,36.25
2021-04-22,35.6,36.25,35.0
2021-04-23,31.31,32.25,31.0
2021-04-26,29.03,29.75,28.5
2021-04-27,30.7,31.5,30.0
2021-04-29,37.0,38.0,36.5
2021-04-30,27.03,27.2,26.75
2021-05-03,31.16,31.5,30.5
2021-05-04,44.54,45.3,43.5
2021-05-05,33.81,34.75,33.0
2021-05-06,26.67,27.0,26.35
2021-05-07,28.15,28.6,27.5
2021-05-10,32.45,32.5,32.35
2021-05-11,31.92,32.0,31.75
2021-05-12,27.63,27.95,27.3
2021-05-13,29.66,29.75,29.4
2021-05-14,27.0,27.0,27.0
2021-05-17,28.38,28.5,28.0
2021-05-18,30.98,31.5,30.25
2021-05-19,35.23,37.0,34.75
2021-05-20,40.03,41.2,39.5
2021-05-21,43.12,44.25,42.0
2021-05-24,33.38,33.75,33.0
2021-05-25,31.26,31.65,31.0
2021-05-26,39.55,40.5,38.5
2021-05-27,33.82,34.7,32.75
2021-05-28,27.98,29.5,27.0
2021-06-01,28.0,28.0,28.0
2021-06-02,26.9,27.0,26.75
2021-06-03,29.73,29.75,29.7
2021-06-04,33.79,33.95,33.7
2021-06-07,45.93,46.0,45.75
2021-06-08,43.36,44.0,42.5
2021-06-09,41.23,42.0,40.15
2021-06-10,37.01,37.75,36.0
2021-06-11,32.63,34.2,30.0
2021-06-14,34.75,34.75,34.75
2021-06-15,29.23,29.8,28.5
2021-06-16,28.37,28.75,28.0
2021-06-17,28.45,28.75,28.0
2021-06-18,32.86,33.5,32.0
2021-06-21,40.41,40.6,40.0
2021-06-22,27.95,28.5,27.5
2021-06-23,27.0,28.0,26.75
2021-06-28,51.38,51.5,51.0
2021-06-29,65.05,66.5,60.0
2021-06-30,67.48,69.2,65.25
2021-07-01,40.32,41.25,39.75
2021-07-02,30.13,33.0,29.0
2021-07-06,54.04,57.5,51.5
2021-07-07,56.0,58.0,54.5
2021-07-08,36.71,37.0,36.4
2021-07-09,36.45,36.5,36.4
2021-07-12,43.95,44.0,43.5
2021-07-13,44.99,45.95,44.5
2021-07-14,46.13,46.5,45.5
2021-07-15,49.63,49.85,49.25
2021-07-16,44.45,45.25,44.0
2021-07-20,45.58,46.85,44.7
2021-07-21,43.09,43.6,42.0
2021-07-22,37.57,38.5,37.0
2021-07-23,41.03,41.25,40.95
2021-07-26,52.27,53.0,49.0
2021-07-27,53.03,54.0,52.25
2021-07-28,50.96,52.0,50.25
2021-07-29,44.01,45.0,43.0
2021-07-30,38.66,39.0,38.25
2021-08-03,38.55,39.0,38.0
2021-08-04,41.46,41.7,41.0
2021-08-05,45.0,45.0,45.0
2021-08-06,53.61,54.5,52.5
2021-08-09,63.0,63.0,63.0
2021-08-10,55.31,56.0,54.8
2021-08-11,60.08,63.0,58.0
2021-08-12,73.79,74.5,72.0
2021-08-13,54.17,55.0,53.5
2021-08-16,42.41,43.75,42.0
2021-08-17,43.0,43.5,42.75
2021-08-18,46.91,47.3,46.5
2021-08-19,54.13,54.7,53.5
2021-08-20,45.03,45.1,45.0
2021-08-23,53.64,54.75,52.75
2021-08-24,67.63,69.5,65.0
2021-08-25,81.5,90.0,76.75
2021-08-26,77.0,78.0,75.0
2021-08-27,61.43,65.0,59.75
2021-08-30,60.0,60.0,60.0
2021-08-31,49.92,50.0,49.75
2021-09-01,40.48,41.15,40.0
2021-09-02,40.05,42.0,39.0
2021-09-03,38.05,38.5,37.65
2021-09-07,45.31,46.0,45.0
2021-09-08,46.07,46.75,45.1
2021-09-09,42.63,43.5,42.0
2021-09-10,43.51,45.25,41.5
2021-09-13,80.12,81.0,78.5
2021-09-14,80.44,83.0,78.35
2021-09-15,68.98,71.5,68.0
2021-09-16,64.02,64.5,63.25
2021-09-17,73.08,76.0,70.75
2021-09-20,71.13,71.5,71.0
2021-09-21,54.26,55.25,53.75
2021-09-22,48.29,51.75,47.0
2021-09-23,46.0,46.25,45.5
2021-09-24,41.87,42.75,41.0
2021-09-27,48.69,48.75,48.3
2021-09-28,56.73,57.0,56.0
2021-09-29,58.93,61.0,57.0
2021-09-30,56.79,57.5,55.0
2021-10-01,58.34,59.5,57.0
2021-10-04,74.15,74.95,73.0
2021-10-05,85.35,90.0,83.0
2021-10-06,77.38,79.0,74.5
